<?xml version="1.0" encoding="UTF-8"?>
<?NLS TYPE="org.eclipse.help.toc"?>
<toc label="PublishTest Title Phrase in the Title" topic="Topics/Notice_test.html"><topic label="Notice Test" href="Topics/Notice_test.html"/><topic label="Preface Test" href="Topics/PrefaceTest.html"><topic label="Preface Test" href="Topics/PrefaceTest.html"/></topic><topic label="This is a term" href="Topics/GlossaryEntry.html"/><topic label="Introduction" href="Topics/Introduction.html"><topic label="Revision History" href="Topics/RevisionHistory.html"/></topic><topic label="Figure List" href="Figurelist.html"/><topic label="Table List" href="Tablelist.html"/><topic label="Titles" href="Topics/Titles.html"><topic label="Index Entries in Titles " href="Topics/Titles-FilteringIndexEntries.html"/><topic label="Diffed TextNewDelete" href="Topics/Titles-DiffedText.html"/></topic><topic label="Tables" href="Topics/Tables.html"><topic label="Table Specializations" href="Topics/Tables-specializations.html"/><topic label="Vertical Table Cells, Color Table Cells" href="Topics/Tables-VerticalCells.html"/><topic label="This is a topic with no content" href="Topics/Tables-ColorCells.html"/><topic label="Hyphenate Table Entries" href="Topics/Tables-HyphenateEntries.html"/><topic label="Table Notes" href="Topics/Tables-TableNotes.html"/><topic label="Vertical Table Cells, Color Table Cells" href="Topics/Tables-VerticalCells.html"/><topic label="ChoiceTable" href="Topics/Tables-ChoiceTable2.html"/><topic label="This a topic with comments" href="Topics/Tables-Comments.html"/></topic><topic label="Lists" href="Topics/Lists.html"><topic label="Nested Lists" href="Topics/Lists-nested.html"/><topic label="Figures for generating the Figure List" href="Topics/Lists-figures.html"/></topic><topic label="Xrefs"><topic label="Xrefs" href="Topics/Xrefs.html"/></topic><topic label="Numbering Issues to Note" href="Topics/Numbering.html"/><topic label="Global"><topic label="PageBreak" href="Topics/PageBreak.html"/><topic label="Global Issues" href="Topics/GlobalIssues.html"/><topic label="Nested Chapter 1"><topic label="Nested Topic 1" href="Topics/topics.html"/></topic><topic label="Nested Chapter 2"/></topic><topic label="Inline"><topic label="Color Text" href="Topics/inline-colortext.html"/></topic><topic label="Diffing"><topic label="This should show up as added" href="Topics/diffing-drivedownchanges.html"/></topic><topic label="Topic Types"><topic label="General Task" href="GeneralTask.html"/><topic label="This is a strict task" href="StrictTask.html"/></topic><topic label="This one." href="filtertest/filter.html"><topic label="Filter Test" href="filtertest/Untitled.html"/></topic><topic label="This is an appendix" href="Topics/Topics1.html"><topic label="Multi Topic Topic" href="Topics/Topics-MultiTopicTopic.html"/></topic><topic label="This is an appendix" href="Topics/Topics1.html"><topic label="Multi Topic Topic" href="Topics/Topics-MultiTopicTopic.html"/></topic></toc>